{"name":"80c7bb6c-1036-4840-888d-801b530da136","id":"/providers/Microsoft.Flow/flows/80c7bb6c-1036-4840-888d-801b530da136","type":"Microsoft.Flow/flows","properties":{"apiId":"/providers/Microsoft.PowerApps/apis/shared_logicflows","displayName":"5048 - DSCS Inbound notification automation","definition":{"metadata":{"workflowEntityId":null,"processAdvisorMetadata":null,"flowChargedByPaygo":null,"flowclientsuspensionreason":"None","flowclientsuspensiontime":null,"flowclientsuspensionreasondetails":null,"creator":{"id":"addc97c6-f4be-4c8d-8f78-061888ee4383","type":"User","tenantId":"ddc22e8a-9100-4f41-8be4-472d728426c5"},"provisioningMethod":"FromDefinition","failureAlertSubscription":true,"clientLastModifiedTime":"2025-04-15T09:38:07.7350483Z","connectionKeySavedTimeKey":"2025-04-15T09:38:07.7350483Z","creationSource":null},"$schema":"https://schema.management.azure.com/providers/Microsoft.Logic/schemas/2016-06-01/workflowdefinition.json#","contentVersion":"1.0.0.0","parameters":{"$connections":{"defaultValue":{},"type":"Object"},"$authentication":{"defaultValue":{},"type":"SecureObject"}},"triggers":{"Recurrence":{"recurrence":{"frequency":"Day","interval":1,"timeZone":"SE Asia Standard Time","schedule":{"hours":["15","8"],"minutes":[30]}},"metadata":{"operationMetadataId":"9ff983ff-de6c-4cb5-854c-5e401f3362c4"},"type":"Recurrence"}},"actions":{"Team:_To_mails":{"runAfter":{"Schedule_hours":["Succeeded"]},"metadata":{"operationMetadataId":"ab053ba8-bcc4-4562-bc8e-a4420b032db4"},"type":"InitializeVariable","inputs":{"variables":[{"name":"Team_To_Emails","type":"string","value":"Hai.Trinh.Minh@damen.com;Hieu.Nguyen.Trung@damen.com;trang.bui.thi.my@damen.com;van.nguyen.thi.thu@damen.com;my.tran.thi.huong@damen.com;nhan.nguyen.thi02@damen.com;trang.do.thi.thuy@damen.com"}]}},"Warehouse:_To_mails":{"runAfter":{"Team:_CC_mails":["Succeeded"]},"metadata":{"operationMetadataId":"62239431-4172-43d2-8b76-df9e2a1c6156"},"type":"InitializeVariable","inputs":{"variables":[{"name":"Warehouse_To_Emails","type":"string","value":"Son.Dao.Ngoc@damen.com"}]}},"Team:_CC_mails":{"runAfter":{"Team:_To_mails":["Succeeded"]},"metadata":{"operationMetadataId":"de400e44-492e-4076-96e3-d1fc1f931532"},"type":"InitializeVariable","inputs":{"variables":[{"name":"Team_CC_Emails","type":"string","value":"huy.nguyen.gia@damen.com>; Phong.Pham.Van@damen.com;purchase-dscs@damen.com"}]}},"Warehouse:_cc_mails":{"runAfter":{"Warehouse:_To_mails":["Succeeded"]},"metadata":{"operationMetadataId":"c9a5ca88-5863-438e-bcb8-9d4ae3d0117b"},"type":"InitializeVariable","inputs":{"variables":[{"name":"Warehouse_CC_Emails","type":"string","value":"purchase-dscs@damen.com; Dung.Dinh.Trong@damen.com;van.nguyen.thi.thu@damen.com"}]}},"Handover:_To_mails":{"runAfter":{"Warehouse:_cc_mails":["Succeeded"]},"metadata":{"operationMetadataId":"6e0ee208-d954-4a3f-b7bd-2341d197c7bc"},"type":"InitializeVariable","inputs":{"variables":[{"name":"Handover_To_Emails","type":"string","value":"hien.to.thi@damen.com"}]}},"Handover:_cc_mails":{"runAfter":{"Handover:_To_mails":["Succeeded"]},"metadata":{"operationMetadataId":"f499d9ce-ec8f-464c-a96f-32e3eccaacf8"},"type":"InitializeVariable","inputs":{"variables":[{"name":"Handover_CC_Emails","type":"string","value":"le.nguyen.thi.hong@damen.com;purchase-dscs@damen.com; DSCS.Accounting@damen.com"}]}},"Schedule_hours":{"runAfter":{"Exclude_weekends":["Succeeded"]},"metadata":{"operationMetadataId":"ef3aeeb1-3c00-435d-954c-01a3310a6595"},"type":"InitializeVariable","inputs":{"variables":[{"name":"Schedule_Hour","type":"string","value":"@{formatDateTime(utcNow(),'HH')}"}]}},"Schedule_for_Team_15:00_daily_(08)":{"actions":{"For_Team":{"runAfter":{},"metadata":{"operationMetadataId":"81b4871a-cae4-4bc7-a789-e18f96f9bb5b"},"type":"OpenApiConnection","inputs":{"host":{"apiId":"/providers/Microsoft.PowerApps/apis/shared_powerbi","connectionName":"shared_powerbi","operationId":"ExecuteDatasetQuery"},"parameters":{"groupid":"4a9f3297-9691-4495-b013-ff6b0379106b","datasetid":"bd49da14-7cec-4b47-a3a0-b7bd957ef550","specification/query":"// DAX Query\nDEFINE\n\tVAR __DS0Core = \n\t\tSUMMARIZE(\n\t\t\t'Team',\n\t\t\t'Team'[Index],\n\t\t\t'Team'[ID],\n\t\t\t'Team'[Title],\n\t\t\t'Team'[PO type],\n\t\t\t'Team'[Supplier Name],\n\t\t\t'Team'[State],\n\t\t\t'Team'[State Change Date],\n\t\t\t'Team'[Created By],\n\t\t\t'Team'[Assigned To],\n\t\t\t'Team'[Cat]\n\t\t)\n\n\tVAR __DS0PrimaryWindowed = \n\t\tTOPN(\n\t\t\t100000,\n\t\t\t__DS0Core,\n\t\t\t'Team'[Index],\n\t\t\t1,\n\t\t\t'Team'[ID],\n\t\t\t1,\n\t\t\t'Team'[Title],\n\t\t\t1,\n\t\t\t'Team'[PO type],\n\t\t\t1,\n\t\t\t'Team'[Supplier Name],\n\t\t\t1,\n\t\t\t'Team'[State],\n\t\t\t1,\n\t\t\t'Team'[State Change Date],\n\t\t\t1,\n\t\t\t'Team'[Created By],\n\t\t\t1,\n\t\t\t'Team'[Assigned To],\n\t\t\t1,\n\t\t\t'Team'[Cat],\n\t\t\t1\n\t\t)\n\nEVALUATE\n\t__DS0PrimaryWindowed\n\nORDER BY\n\t'Team'[Index],\n\t'Team'[ID],\n\t'Team'[Title],\n\t'Team'[PO type],\n\t'Team'[Supplier Name],\n\t'Team'[State],\n\t'Team'[State Change Date],\n\t'Team'[Created By],\n\t'Team'[Assigned To],\n\t'Team'[Cat]\n","specification/serializerSettings/includeNulls":false},"authentication":"@parameters('$authentication')"}},"If_have_rows_then_notifify":{"actions":{"Create_HTML_table":{"runAfter":{},"metadata":{"operationMetadataId":"a51dd418-f804-4614-9980-1b9d73b4470d"},"type":"Table","inputs":{"from":"@outputs('For_Team')?['body/firstTableRows']","format":"HTML"}},"Send_an_email_from_a_shared_mailbox_(V2)":{"runAfter":{"Create_HTML_table":["Succeeded"]},"metadata":{"operationMetadataId":"9e1eea1f-a3b5-43d1-9968-f35899ead486"},"type":"OpenApiConnection","inputs":{"host":{"apiId":"/providers/Microsoft.PowerApps/apis/shared_office365","connectionName":"shared_office365","operationId":"SharedMailboxSendEmailV2"},"parameters":{"emailMessage/MailboxAddress":"DSCS.Application@damen.com","emailMessage/To":"ngan.hoang.thi@damen.com","emailMessage/Subject":"Daily Dashboard review - Purchasers check","emailMessage/Body":"   <style type=\"text/css\">\n        table {\n            border: 1px solid black;\n      \n        }\n\n        table, th, td {\n            border: 1px solid black;\n            padding: 5px;\n        }\n\n        thead {\n            background: #808080;\n            color: #fff;\n        }\n\n        .footer {\n        }\n\n            .footer a {\n                margin-top:10px;\n                padding: 5px;\n                background-color: coral;\n                color: #fff;\n         \n                display:none;\n                width: 100px;\n                text-align:center;\n                text-decoration:none;\n            }\n\n            h2{\n                \n            }\n            ul li{\n             \n                padding-left:10px;\n                list-style:none !important;\n            }\n            ul li span{\n                color:red;\n            }\n            ul{\n               \n                margin-bottom:20px;\n            }\n    </style>\n<p>@{body('Create_HTML_table')}</p>","emailMessage/Bcc":"quy.pham.duc@damen.com","emailMessage/ReplyTo":"ngan.hoang.thi@damen.com","emailMessage/Importance":"Normal"},"authentication":"@parameters('$authentication')"}}},"runAfter":{"For_Team":["Succeeded"]},"expression":{"equals":["@empty(outputs('For_Team')?['body/firstTableRows'])","@false"]},"metadata":{"operationMetadataId":"d3a4793b-b5e3-4b67-a03f-be7e5f1e5ebf"},"type":"If"}},"runAfter":{"Handover:_cc_mails":["Succeeded"]},"expression":{"and":[{"equals":["@variables('Schedule_Hour')","08"]},{"and":[{"equals":["@variables('Weekend')",5]}]}]},"metadata":{"operationMetadataId":"25be37f2-7bad-4550-9b33-1dd2d0a8866f"},"type":"If"},"Schedule_for_Handover_on_15:00_daily_(08)":{"actions":{"For_Handover":{"runAfter":{},"metadata":{"operationMetadataId":"9504bb52-b2f4-4185-ac79-6cd95118dcac"},"type":"OpenApiConnection","inputs":{"host":{"apiId":"/providers/Microsoft.PowerApps/apis/shared_powerbi","connectionName":"shared_powerbi","operationId":"ExecuteDatasetQuery"},"parameters":{"groupid":"4a9f3297-9691-4495-b013-ff6b0379106b","datasetid":"bd49da14-7cec-4b47-a3a0-b7bd957ef550","specification/query":"// DAX Query\nDEFINE\n\tVAR __DS0Core = \n\t\tSUMMARIZE(\n\t\t\t'Handover',\t\t\n\t\t\t'Handover'[Index],  \n'Handover'[ID],\n\t\t\t'Handover'[PO type],\n\t\t\t'Handover'[Title],\n\t\t\t'Handover'[Supplier Name],\n\t\t\t'Handover'[Today],\n\t\t\t'Handover'[Assigned To]\n\t\t)\n\n\tVAR __DS0PrimaryWindowed = \n\t\tTOPN(\n\t\t\t1000,\n\t\t\t__DS0Core,\n\t\t\t'Handover'[Index],\n\t\t\t1,\n\t\t\t'Handover'[ID],\n\t\t\t1,\n\t\t\t'Handover'[PO type],\n\t\t\t1,\n\t\t\t'Handover'[Title],\n\t\t\t1,\n\t\t\t'Handover'[Supplier Name],\n\t\t\t1,\n\t\t\t'Handover'[Today],\n\t\t\t1,\n\t\t\t'Handover'[Assigned To],\n\t\t\t1\n\t\t)\n\nEVALUATE\n\t__DS0PrimaryWindowed\n\nORDER BY\n\t'Handover'[Index],\n\t'Handover'[ID],\n\t'Handover'[PO type],\n\t'Handover'[Title],\n\t'Handover'[Supplier Name],\n\t'Handover'[Today],\n\t'Handover'[Assigned To] ","specification/serializerSettings/includeNulls":false},"authentication":"@parameters('$authentication')"}},"Condition":{"actions":{"Create_HTML_table_3":{"runAfter":{},"metadata":{"operationMetadataId":"081a0f72-e06f-47e5-8a8c-99db7c4a6dd8"},"type":"Table","inputs":{"from":"@outputs('For_Handover')?['body/firstTableRows']","format":"HTML"}},"Send_an_email_from_a_shared_mailbox_(V2)_3":{"runAfter":{"Create_HTML_table_3":["Succeeded"]},"metadata":{"operationMetadataId":"36a9890d-a9e9-40d9-a88a-90671ad8f622"},"type":"OpenApiConnection","inputs":{"host":{"apiId":"/providers/Microsoft.PowerApps/apis/shared_office365","connectionName":"shared_office365","operationId":"SharedMailboxSendEmailV2"},"parameters":{"emailMessage/MailboxAddress":"DSCS.Application@damen.com","emailMessage/To":"ngan.hoang.thi@damen.com","emailMessage/Subject":"[@{variables('Weekend')}]- Daily Doc Handover","emailMessage/Body":"<style type=\"text/css\">\n        table {\n            border: 1px solid black;\n      \n        }\n\n        table, th, td {\n            border: 1px solid black;\n            padding: 5px;\n        }\n\n        thead {\n            background: #808080;\n            color: #fff;\n        }\n\n        .footer {\n        }\n\n            .footer a {\n                margin-top:10px;\n                padding: 5px;\n                background-color: coral;\n                color: #fff;\n         \n                display:none;\n                width: 100px;\n                text-align:center;\n                text-decoration:none;\n            }\n\n            h2{\n                \n            }\n            ul li{\n             \n                padding-left:10px;\n                list-style:none !important;\n            }\n            ul li span{\n                color:red;\n            }\n            ul{\n               \n                margin-bottom:20px;\n            }\n    </style>@{body('Create_HTML_table_3')}","emailMessage/Bcc":"quy.pham.duc@damen.com","emailMessage/Importance":"Normal"},"authentication":"@parameters('$authentication')"}}},"runAfter":{"For_Handover":["Succeeded"]},"expression":{"equals":["@empty(outputs('For_Handover')?['body/firstTableRows'])","@false"]},"metadata":{"operationMetadataId":"54e976c5-a3a7-42f5-9f0e-b6c438b8c1e1"},"type":"If"}},"runAfter":{"Handover:_cc_mails":["Succeeded"]},"expression":{"and":[{"equals":["@variables('Schedule_Hour')","08"]},{"and":[{"not":{"equals":["@variables('Weekend')",0]}},{"not":{"equals":["@variables('Weekend')",6]}}]}]},"metadata":{"operationMetadataId":"a7e51096-d001-4409-9f38-6fd63037cefe"},"type":"If"},"Schedule_for_Warehouse_on_08:05_daily_(01)":{"actions":{"For_Warehouse":{"runAfter":{},"metadata":{"operationMetadataId":"0989000e-a1da-4132-b380-304f53f795a6"},"type":"OpenApiConnection","inputs":{"host":{"apiId":"/providers/Microsoft.PowerApps/apis/shared_powerbi","connectionName":"shared_powerbi","operationId":"ExecuteDatasetQuery"},"parameters":{"groupid":"4a9f3297-9691-4495-b013-ff6b0379106b","datasetid":"bd49da14-7cec-4b47-a3a0-b7bd957ef550","specification/query":"// DAX Query\nDEFINE\n\tVAR __DS0Core = \n\t\tSUMMARIZE(\n\t\t\t'Warehouse',\n\t\t\t'Warehouse'[Index],\n\t\t\t'Warehouse'[ID],\n\t\t\t'Warehouse'[PO type],\n\t\t\t'Warehouse'[Title],\n\t\t\t'Warehouse'[Supplier Name],\n\t\t\t'Warehouse'[State],\n\t\t\t'Warehouse'[State Change Date],\n\t\t\t'Warehouse'[Assigned To],\n\t\t\t'Warehouse'[Cat]\n\t\t)\n\n\tVAR __DS0PrimaryWindowed = \n\t\tTOPN(\n\t\t\t1000,\n\t\t\t__DS0Core,\n\t\t\t'Warehouse'[Index],\n\t\t\t1,\n\t\t\t'Warehouse'[ID],\n\t\t\t1,\n\t\t\t'Warehouse'[PO type],\n\t\t\t1,\n\t\t\t'Warehouse'[Title],\n\t\t\t1,\n\t\t\t'Warehouse'[Supplier Name],\n\t\t\t1,\n\t\t\t'Warehouse'[State],\n\t\t\t1,\n\t\t\t'Warehouse'[State Change Date],\n\t\t\t1,\n\t\t\t'Warehouse'[Assigned To],\n\t\t\t1,\n\t\t\t'Warehouse'[Cat],\n\t\t\t1\n\t\t)\n\nEVALUATE\n\t__DS0PrimaryWindowed\n\nORDER BY\n\t'Warehouse'[Index],\n\t'Warehouse'[ID],\n\t'Warehouse'[PO type],\n\t'Warehouse'[Title],\n\t'Warehouse'[Supplier Name],\n\t'Warehouse'[State],\n\t'Warehouse'[State Change Date],\n\t'Warehouse'[Assigned To],\n\t'Warehouse'[Cat]\n","specification/serializerSettings/includeNulls":false},"authentication":"@parameters('$authentication')"}},"Condition_2":{"actions":{"Create_HTML_table_2":{"runAfter":{},"metadata":{"operationMetadataId":"9c15af71-52ed-4acd-bfb2-0f5f92b4c3ef"},"type":"Table","inputs":{"from":"@outputs('For_Warehouse')?['body/firstTableRows']","format":"HTML"}},"Send_an_email_from_a_shared_mailbox_(V2)_2":{"runAfter":{"Create_HTML_table_2":["Succeeded"]},"metadata":{"operationMetadataId":"e692a056-1742-4dc2-b68e-8d4819d22ccf"},"type":"OpenApiConnection","inputs":{"host":{"apiId":"/providers/Microsoft.PowerApps/apis/shared_office365","connectionName":"shared_office365","operationId":"SharedMailboxSendEmailV2"},"parameters":{"emailMessage/MailboxAddress":"DSCS.Application@damen.com","emailMessage/To":"ngan.hoang.thi@damen.com","emailMessage/Subject":"Dashboard review - Warehouse","emailMessage/Body":"  <style type=\"text/css\">\n        table {\n            border: 1px solid black;\n      \n        }\n\n        table, th, td {\n            border: 1px solid black;\n            padding: 5px;\n        }\n\n        thead {\n            background: #808080;\n            color: #fff;\n        }\n\n        .footer {\n        }\n\n            .footer a {\n                margin-top:10px;\n                padding: 5px;\n                background-color: coral;\n                color: #fff;\n         \n                display:none;\n                width: 100px;\n                text-align:center;\n                text-decoration:none;\n            }\n\n            h2{\n                \n            }\n            ul li{\n             \n                padding-left:10px;\n                list-style:none !important;\n            }\n            ul li span{\n                color:red;\n            }\n            ul{\n               \n                margin-bottom:20px;\n            }\n    </style>@{body('Create_HTML_table_2')}","emailMessage/Bcc":"quy.pham.duc@damen.com","emailMessage/Importance":"Normal"},"authentication":"@parameters('$authentication')"}}},"runAfter":{"For_Warehouse":["Succeeded"]},"expression":{"equals":["@empty(outputs('For_Warehouse')?['body/firstTableRows'])","@false"]},"metadata":{"operationMetadataId":"fd1295bf-1e1c-43e3-aff7-034d82a08286"},"type":"If"}},"runAfter":{"Handover:_cc_mails":["Succeeded"]},"expression":{"and":[{"equals":["@variables('Schedule_Hour')","01"]},{"and":[{"not":{"equals":["@variables('Weekend')",0]}},{"not":{"equals":["@variables('Weekend')",6]}}]}]},"metadata":{"operationMetadataId":"64a0971a-b071-4db3-bcca-57be4e9bc23a"},"type":"If"},"Exclude_weekends":{"runAfter":{"Initialize_variable":["Succeeded"]},"metadata":{"operationMetadataId":"f7a757c9-e2a5-4522-9ba3-ff565ded20f9"},"type":"InitializeVariable","inputs":{"variables":[{"name":"Weekend","type":"integer","value":"@dayOfWeek(utcNow())"}]}},"Initialize_variable":{"runAfter":{},"metadata":{"operationMetadataId":"639f5748-5a4a-4d3b-b5c7-4afa01772ba0"},"type":"InitializeVariable","inputs":{"variables":[{"name":"weekday","type":"string","value":"@{dayOfWeek(utcNow())}"}]}}},"outputs":{},"description":"On a recurring basis, delete existing items in a SharePoint list and create new items from a table in SQL Server."},"connectionReferences":{"shared_powerbi":{"connectionName":"5fdcb5f90bac4d6698d45bf3c3217f77","source":"Embedded","id":"/providers/Microsoft.PowerApps/apis/shared_powerbi","tier":"NotSpecified","apiName":"powerbi"},"shared_office365":{"connectionName":"shared-office365-0613fa29-859c-421b-b28e-86227ce010e4","source":"Embedded","id":"/providers/Microsoft.PowerApps/apis/shared_office365","tier":"NotSpecified","apiName":"office365"}},"flowFailureAlertSubscribed":false,"isManaged":false}}