{"shared_office365groups":"84bb19da-6cb7-4f8f-8463-12b65391cbb6","shared_office365_4":"bc729afc-64ae-4fd0-aa31-2bf2d576dcad","shared_office365":"bc729afc-64ae-4fd0-aa31-2bf2d576dcad","shared_office365_1":"bc729afc-64ae-4fd0-aa31-2bf2d576dcad","shared_office365_2":"bc729afc-64ae-4fd0-aa31-2bf2d576dcad","shared_office365_7":"bc729afc-64ae-4fd0-aa31-2bf2d576dcad","shared_office365_6":"bc729afc-64ae-4fd0-aa31-2bf2d576dcad","shared_office365_3":"bc729afc-64ae-4fd0-aa31-2bf2d576dcad","shared_office365_5":"bc729afc-64ae-4fd0-aa31-2bf2d576dcad","shared_sendmail":"4b6b6753-a10c-4769-ba21-105c1aad9e9d","shared_sharepointonline":"e1d2f5df-307c-4c5e-b8c5-f950de42dfd2"}