{"name":"3fa8d815-811d-49fb-bb5f-c9ef044aa425","id":"/providers/Microsoft.Flow/flows/3fa8d815-811d-49fb-bb5f-c9ef044aa425","type":"Microsoft.Flow/flows","properties":{"apiId":"/providers/Microsoft.PowerApps/apis/shared_logicflows","displayName":"ITP-Đặt lịch, Post tin nhắn vào Teams khi có ITP QC List Item mới test","definition":{"metadata":{"workflowEntityId":null,"processAdvisorMetadata":null,"flowChargedByPaygo":null,"flowclientsuspensionreason":"None","flowclientsuspensiontime":null,"flowclientsuspensionreasondetails":null,"creator":{"id":"3164c212-a458-4b91-bcfc-cc4902727491","type":"User","tenantId":"ddc22e8a-9100-4f41-8be4-472d728426c5"},"provisioningMethod":"FromDefinition","failureAlertSubscription":true,"clientLastModifiedTime":"2025-05-12T04:09:10.0985579Z","connectionKeySavedTimeKey":"2025-05-12T04:09:10.0985579Z","creationSource":null},"$schema":"https://schema.management.azure.com/providers/Microsoft.Logic/schemas/2016-06-01/workflowdefinition.json#","contentVersion":"1.0.0.0","parameters":{"$connections":{"defaultValue":{},"type":"Object"},"$authentication":{"defaultValue":{},"type":"SecureObject"}},"triggers":{"When_an_item_is_created":{"recurrence":{"frequency":"Minute","interval":1},"splitOn":"@triggerBody()?['value']","metadata":{"flowSystemMetadata":{"swaggerOperationId":"GetOnNewItems"},"operationMetadataId":"860240f3-c01e-4d57-8b46-7810b593ae0d"},"type":"ApiConnection","inputs":{"host":{"connection":{"name":"@parameters('$connections')['shared_sharepointonline']['connectionId']"},"api":{"runtimeUrl":"https://flow-apim-europe-001-northeurope-01.azure-apim.net/apim/sharepointonline"}},"method":"get","path":"/datasets/@{encodeURIComponent(encodeURIComponent('https://damen.sharepoint.com/sites/coll_DSCSTDQC'))}/tables/@{encodeURIComponent(encodeURIComponent('add153bd-1509-4710-bccf-1df2d20e1b35'))}/onnewitems","authentication":"@parameters('$authentication')"}}},"actions":{"Convert_time_zone":{"runAfter":{},"metadata":{"operationMetadataId":"7264f1b9-540c-4d42-a212-1f068a703042"},"type":"Expression","kind":"ConvertTimeZone","inputs":{"baseTime":"@triggerBody()?['InspectionDate']","formatString":"g","sourceTimeZone":"UTC","destinationTimeZone":"SE Asia Standard Time"}},"Create_a_group_event_(V2)":{"runAfter":{"Convert_time_zone":["Succeeded"]},"metadata":{"flowSystemMetadata":{"swaggerOperationId":"CreateCalendarEventV2"},"operationMetadataId":"d8a4dd37-dee2-4c4d-9cc8-1c9f58f1b303"},"type":"ApiConnection","inputs":{"host":{"connection":{"name":"@parameters('$connections')['shared_office365groups']['connectionId']"},"api":{"runtimeUrl":"https://flow-apim-europe-001-northeurope-01.azure-apim.net/apim/office365groups"}},"method":"post","body":{"subject":"ITP@{triggerBody()?['ITPnumber']} -YN@{triggerBody()?['YardNumber']}-@{triggerBody()?['Place']}","start":{"dateTime":"@body('Convert_time_zone')","timeZone":"UTC"},"end":{"dateTime":"@{addMinutes(body('Convert_time_zone'),15)}","timeZone":"UTC"},"body":{"contentType":"Html","content":"<p><strong>Dear Gents,</strong><br>\n<br>\nYou have invited you on ITP:<br>\nYard Number: YN @{triggerBody()?['YardNumber']}- ITP No.:@{triggerBody()?['ITPnumber']}<br>\nInspection Item: @{triggerBody()?['InspectionItem']}<br>\nInspection Activity: @{triggerBody()?['InspectionActivity']}<br>\nAt: @{triggerBody()?['Place']}<br>\nDate: @{body('Convert_time_zone')}<br>\n<br>\nKind regards,<br>\n<strong>QC Team</strong></p>"},"location":{"displayName":"@{triggerBody()?['YardNumber']}-@{triggerBody()?['Place']}"},"importance":"Normal","showAs":"Tentative"},"path":"/v2/v1.0/groups/@{encodeURIComponent('133128f3-3a64-41d1-9e24-dd2873d8c0b1')}/events","authentication":"@parameters('$authentication')"}},"Condition":{"actions":{"Create_event_(V4)":{"runAfter":{},"metadata":{"flowSystemMetadata":{"swaggerOperationId":"V4CalendarPostItem"},"operationMetadataId":"ac433576-e768-4e4e-a72c-f2f76beca38e"},"type":"ApiConnection","inputs":{"host":{"connection":{"name":"@parameters('$connections')['shared_office365_4']['connectionId']"},"api":{"runtimeUrl":"https://flow-apim-europe-001-westeurope-01.azure-apim.net/apim/office365"}},"method":"post","body":{"subject":"ITP @{triggerBody()?['ITPnumber']} -YN @{triggerBody()?['YardNumber']}- @{triggerBody()?['Place']}","start":"@body('Convert_time_zone')","end":"@{addMinutes(body('Convert_time_zone'),15)}","timeZone":"(UTC+07:00) Bangkok, Hanoi, Jakarta","requiredAttendees":"@triggerBody()?['Foreman_x002f_Shipcoor_x002e_']?['Email']","body":"<p><br>\n@{body('Create_a_group_event_(V2)')?['subject']}</p>","location":"@body('Create_a_group_event_(V2)')?['location']?['displayName']"},"path":"/datasets/calendars/v4/tables/@{encodeURIComponent(encodeURIComponent('AAMkAGMwZDZhYjE3LWMxMTYtNDJmYi1iY2FkLTFiYjg4YmE2YTIwMABGAAAAAABZylKUveQARr6M0PhdRvjFBwBkZasW1ffpTqbimt4pba9yAAAAmX5hAABVW_ajDmBZRJrqpP2nKCRBAAN4An8ZAAA='))}/items","authentication":"@parameters('$authentication')"}}},"runAfter":{"Create_a_group_event_(V2)":["Succeeded"]},"expression":{"equals":["@triggerBody()?['Inspector']?['Email']","hung.le.van@damen.com"]},"metadata":{"operationMetadataId":"871e0f6a-881b-424a-a0e2-f09171f6c31d"},"type":"If"},"Condition_2":{"actions":{"Create_event_(V4)_2":{"runAfter":{},"metadata":{"flowSystemMetadata":{"swaggerOperationId":"V4CalendarPostItem"},"operationMetadataId":"396595b9-8fb7-42bf-a7f0-689e9430143d"},"type":"ApiConnection","inputs":{"host":{"connection":{"name":"@parameters('$connections')['shared_office365']['connectionId']"},"api":{"runtimeUrl":"https://flow-apim-europe-001-westeurope-01.azure-apim.net/apim/office365"}},"method":"post","body":{"subject":"ITP@{triggerBody()?['ITPnumber']} -YN@{triggerBody()?['YardNumber']}-@{triggerBody()?['Place']}","start":"@body('Convert_time_zone')","end":"@{addMinutes(body('Convert_time_zone'), 15)}","timeZone":"(UTC+07:00) Bangkok, Hanoi, Jakarta","requiredAttendees":"@triggerBody()?['Foreman_x002f_Shipcoor_x002e_']?['Email']","body":"<p><br>\n@{body('Create_a_group_event_(V2)')?['subject']}</p>","location":"@body('Create_a_group_event_(V2)')?['location']?['displayName']"},"path":"/datasets/calendars/v4/tables/@{encodeURIComponent(encodeURIComponent('AAMkADU2OTFlZGVhLTBkZjItNDI4My1iNWFiLTg2YTBlOGJlNTJjMgBGAAAAAAAMgFo2ZvWjRa-MLDgEO0-uBwBO1MMDsr2KRqjrvotASOmDAAAAT19lAAD_ob0r6WmyT6iz6nnILUkiAAMw2JRlAAA='))}/items","authentication":"@parameters('$authentication')"}}},"runAfter":{"Create_a_group_event_(V2)":["Succeeded"]},"expression":{"equals":["@triggerBody()?['Inspector']?['Email']","luc.nguyen.manh@damen.com"]},"metadata":{"operationMetadataId":"8e0f20dc-6665-423a-bfd1-f9511c6ea498"},"type":"If"},"Condition_3":{"actions":{"Create_event_(V4)_3":{"runAfter":{},"metadata":{"flowSystemMetadata":{"swaggerOperationId":"V4CalendarPostItem"},"operationMetadataId":"7158df7b-12ba-46c3-9e05-00c32f1324f0"},"type":"ApiConnection","inputs":{"host":{"connection":{"name":"@parameters('$connections')['shared_office365_1']['connectionId']"},"api":{"runtimeUrl":"https://flow-apim-europe-001-westeurope-01.azure-apim.net/apim/office365"}},"method":"post","body":{"subject":"ITP@{triggerBody()?['ITPnumber']} -YN@{triggerBody()?['YardNumber']}-@{triggerBody()?['Place']}","start":"@body('Convert_time_zone')","end":"@{addMinutes(body('Convert_time_zone'), 15)}","timeZone":"(UTC+07:00) Bangkok, Hanoi, Jakarta","requiredAttendees":"@triggerBody()?['Foreman_x002f_Shipcoor_x002e_']?['Email']","body":"<p><br>\n@{body('Create_a_group_event_(V2)')?['subject']}</p>","location":"@body('Create_a_group_event_(V2)')?['location']?['displayName']"},"path":"/datasets/calendars/v4/tables/@{encodeURIComponent(encodeURIComponent('AAMkADMzYWRmYmIwLTVhODUtNGNjMS1hNDM2LTY5MDZmNWM1YTFmNQBGAAAAAACRrlGDKyWNSqjj0Ouvh7yXBwCCqsfiDzvdRpJ31inweZ1ZAAAA-OYNAAAdP3SNQ5ygQJBlv8yne-Y7AAPWOY3hAAA='))}/items","authentication":"@parameters('$authentication')"}}},"runAfter":{"Create_a_group_event_(V2)":["Succeeded"]},"expression":{"equals":["@triggerBody()?['Inspector']?['Email']","quy.chu.ngoc@damen.com"]},"metadata":{"operationMetadataId":"5b31210f-749d-4873-a7b6-26a2515fc8e1"},"type":"If"},"Condition_4":{"actions":{"Create_event_(V4)_4":{"runAfter":{},"metadata":{"flowSystemMetadata":{"swaggerOperationId":"V4CalendarPostItem"},"operationMetadataId":"d4c60833-17dc-4112-8373-fef83a4622a7"},"type":"ApiConnection","inputs":{"host":{"connection":{"name":"@parameters('$connections')['shared_office365_2']['connectionId']"},"api":{"runtimeUrl":"https://flow-apim-europe-001-westeurope-01.azure-apim.net/apim/office365"}},"method":"post","body":{"subject":"ITP@{triggerBody()?['ITPnumber']} -YN@{triggerBody()?['YardNumber']}-@{triggerBody()?['Place']}","start":"@body('Convert_time_zone')","end":"@{addMinutes(body('Convert_time_zone'), 15)}","timeZone":"(UTC+07:00) Bangkok, Hanoi, Jakarta","requiredAttendees":"@triggerBody()?['Foreman_x002f_Shipcoor_x002e_']?['Email']","body":"<p><br>\n@{body('Create_a_group_event_(V2)')?['subject']}</p>","location":"@body('Create_a_group_event_(V2)')?['location']?['displayName']"},"path":"/datasets/calendars/v4/tables/@{encodeURIComponent(encodeURIComponent('AAMkADdkMWNjMTIxLWQxOWUtNDliOS1hMDZkLWVhNzcyYTNiMjVjZABGAAAAAAA70ti-EACPTJYyrhtSyNnxBwCbotlUnN6tQZ6kPHAf27gvAAAAHZXBAABGhebCvEw2TLTgoW9ynr2TAAPMxAcGAAA='))}/items","authentication":"@parameters('$authentication')"}}},"runAfter":{"Condition_5":["Succeeded"]},"expression":{"equals":["@triggerBody()?['Inspector']?['Email']","tho.le.van@damen.com"]},"metadata":{"operationMetadataId":"91560259-be27-4fe6-9d1d-0959e7045546"},"type":"If"},"Condition_6":{"actions":{"Create_event_(V4)_6":{"runAfter":{},"metadata":{"flowSystemMetadata":{"swaggerOperationId":"V4CalendarPostItem"},"operationMetadataId":"a83b3ef3-e5f1-4bc0-a9cf-7006475eab06"},"type":"ApiConnection","inputs":{"host":{"connection":{"name":"@parameters('$connections')['shared_office365_7']['connectionId']"},"api":{"runtimeUrl":"https://flow-apim-europe-001-westeurope-01.azure-apim.net/apim/office365"}},"method":"post","body":{"subject":"ITP@{triggerBody()?['ITPnumber']} -YN@{triggerBody()?['YardNumber']}-@{triggerBody()?['Place']}","start":"@body('Convert_time_zone')","end":"@{addMinutes(body('Convert_time_zone'), 15)}","timeZone":"(UTC+07:00) Bangkok, Hanoi, Jakarta","requiredAttendees":"@triggerBody()?['Foreman_x002f_Shipcoor_x002e_']?['Email']","body":"<p><br>\n@{body('Create_a_group_event_(V2)')?['subject']}</p>","location":"@body('Create_a_group_event_(V2)')?['location']?['displayName']"},"path":"/datasets/calendars/v4/tables/@{encodeURIComponent(encodeURIComponent('AAMkAGQ5NDA2ZjY4LTNhYmYtNDcyMS1hMDY0LTJiNTIzYzdhZTVjZgBGAAAAAACLdVhdRwypTbt7mXt7Ya6pBwAPQpF0og7nTIkFliKRT9V_AAAAfIHbAACrdET0rRG5Tota0DuZQRWZAACJcuIwAAA='))}/items","authentication":"@parameters('$authentication')"}}},"runAfter":{"Create_a_group_event_(V2)":["Succeeded"]},"expression":{"equals":["@triggerBody()?['Inspector']?['Email']","minh.vu van@damen.com"]},"metadata":{"operationMetadataId":"5862d638-a0cc-40b2-b8b5-60b41c51e35b"},"type":"If"},"Condition_7":{"actions":{"Create_event_(V4)_7":{"runAfter":{},"metadata":{"flowSystemMetadata":{"swaggerOperationId":"V4CalendarPostItem"},"operationMetadataId":"706e085c-8564-4f4e-90e4-2e9e89d05488"},"type":"ApiConnection","inputs":{"host":{"connection":{"name":"@parameters('$connections')['shared_office365_6']['connectionId']"},"api":{"runtimeUrl":"https://flow-apim-europe-001-westeurope-01.azure-apim.net/apim/office365"}},"method":"post","body":{"subject":"ITP@{triggerBody()?['ITPnumber']} -YN@{triggerBody()?['YardNumber']}-@{triggerBody()?['Place']}","start":"@body('Convert_time_zone')","end":"@{addMinutes(body('Convert_time_zone'), 15)}","timeZone":"(UTC+07:00) Bangkok, Hanoi, Jakarta","requiredAttendees":"@triggerBody()?['Foreman_x002f_Shipcoor_x002e_']?['Email']","body":"<p><br>\n@{body('Create_a_group_event_(V2)')?['subject']}</p>","location":"@body('Create_a_group_event_(V2)')?['location']?['displayName']"},"path":"/datasets/calendars/v4/tables/@{encodeURIComponent(encodeURIComponent('AAMkAGRmZTI1NTRiLWMyM2YtNDI2My1iZTg4LWJjOTdhYzgxZGEyOABGAAAAAABYA05JvMPBT7XFU2ei36uQBwBiGwV7_3QSR48ExjasKo1OAAAA7X8WAADxgOjv0QOhQaXVHX4W750IAAL9l4MpAAA='))}/items","authentication":"@parameters('$authentication')"}}},"runAfter":{"Create_a_group_event_(V2)":["Succeeded"]},"expression":{"equals":["@triggerBody()?['Inspector']?['Email']","hai.dao.nguyen@damen.com"]},"metadata":{"operationMetadataId":"df6b34eb-f783-4840-9c68-86f9b43fdaa3"},"type":"If"},"NguyenTrongTrinh":{"actions":{"Create_event_(V4)_8":{"runAfter":{},"metadata":{"flowSystemMetadata":{"swaggerOperationId":"V4CalendarPostItem"},"operationMetadataId":"88479359-c03f-4e79-9d85-082f2e040f50"},"type":"ApiConnection","inputs":{"host":{"connection":{"name":"@parameters('$connections')['shared_office365_3']['connectionId']"},"api":{"runtimeUrl":"https://flow-apim-europe-001-westeurope-01.azure-apim.net/apim/office365"}},"method":"post","body":{"subject":"ITP@{triggerBody()?['ITPnumber']} -YN@{triggerBody()?['YardNumber']}-@{triggerBody()?['Place']}","start":"@body('Convert_time_zone')","end":"@{addMinutes(body('Convert_time_zone'), 15)}","timeZone":"(UTC+07:00) Bangkok, Hanoi, Jakarta","requiredAttendees":"@triggerBody()?['Foreman_x002f_Shipcoor_x002e_']?['Email']","body":"<p><br>\n@{body('Create_a_group_event_(V2)')?['subject']}</p>","location":"@body('Create_a_group_event_(V2)')?['location']?['displayName']"},"path":"/datasets/calendars/v4/tables/@{encodeURIComponent(encodeURIComponent('AAMkAGM1ZDA5YWMwLWM5YjYtNDY3YS1hMWE2LWI0YTk4ZmMyMTY2ZgBGAAAAAADaaeSObQ2GQYR1VGVc4ZLfBwB8UpgTPSsgRI1MnSrWrFk6AAAAAAEGAAB8UpgTPSsgRI1MnSrWrFk6AABf_LcHAAA='))}/items","authentication":"@parameters('$authentication')"}}},"runAfter":{"Create_a_group_event_(V2)":["Succeeded"]},"expression":{"equals":["@triggerBody()?['Inspector']?['Email']","trinh.nguyen.trong@damen.com"]},"metadata":{"operationMetadataId":"22704f9e-cc81-43fc-9968-0e0d0a63a71b"},"type":"If"},"Vu_Van_Thuong":{"actions":{"Create_event_(V4)_5":{"runAfter":{},"metadata":{"flowSystemMetadata":{"swaggerOperationId":"V4CalendarPostItem"},"operationMetadataId":"10455fc7-01f5-4997-89ce-037dcfc8412e"},"type":"ApiConnection","inputs":{"host":{"connection":{"name":"@parameters('$connections')['shared_office365_5']['connectionId']"},"api":{"runtimeUrl":"https://flow-apim-europe-001-westeurope-01.azure-apim.net/apim/office365"}},"method":"post","body":{"subject":"ITP @{triggerBody()?['ITPnumber']} -YN@{triggerBody()?['YardNumber']}-@{triggerBody()?['Place']}","start":"@body('Convert_time_zone')","end":"@{addMinutes(body('Convert_time_zone'), 15)}","timeZone":"(UTC+07:00) Bangkok, Hanoi, Jakarta","requiredAttendees":"@triggerBody()?['Foreman_x002f_Shipcoor_x002e_']?['Email']","body":"<p><br>\n@{body('Create_a_group_event_(V2)')?['subject']}</p>","location":"@body('Create_a_group_event_(V2)')?['location']?['displayName']"},"path":"/datasets/calendars/v4/tables/@{encodeURIComponent(encodeURIComponent('AAMkADUwNzg5YjJjLWE4YTQtNGRiMi05Y2UxLThkYzJhMGRkMmU3NgBGAAAAAACTGUb6Cij9TIwwZD36RTLJBwBZX4K-3YxITo8ZcpeEFgLWAAAAKujiAAAUbyha0oX3S4YcyLrTBQBPAAN15CH4AAA='))}/items","authentication":"@parameters('$authentication')"}}},"runAfter":{"Create_a_group_event_(V2)":["Succeeded"]},"expression":{"equals":["@triggerBody()?['Inspector']?['Email']","thuong.vu.van@damen.com"]},"metadata":{"operationMetadataId":"77df47bb-6968-41e8-a6fc-eacd5f8186ba"},"type":"If"},"Condition_5":{"actions":{"Send_an_email_notification_(V3)":{"runAfter":{},"metadata":{"flowSystemMetadata":{"swaggerOperationId":"SendEmailV3"},"operationMetadataId":"48df6224-0eba-4b7e-af56-a1092dd5f9f9"},"type":"ApiConnection","inputs":{"host":{"connection":{"name":"@parameters('$connections')['shared_sendmail']['connectionId']"},"api":{"runtimeUrl":"https://flow-apim-europe-001-westeurope-01.azure-apim.net/apim/sendmail"}},"method":"post","body":{"to":"@{triggerBody()?['Inspector']?['Email']};","subject":"ITP -YN- ","text":"<p><strong>Dear Gents,<br>\n<br>\n</strong>You have invited you on ITP:<strong><br>\n</strong>Yard Number: YN <strong>@{triggerBody()?['YardNumber']}</strong><strong></strong>- ITP No.:<strong>@{triggerBody()?['ITPnumber']}</strong><strong><br>\n</strong>Inspection Item: <strong></strong><strong>@{triggerBody()?['InspectionItem']}</strong><strong><br>\n</strong>Inspection Activity: <strong></strong><strong>@{triggerBody()?['InspectionActivity']}</strong><strong><br>\n</strong>At: <strong>@{triggerBody()?['Place']}</strong><strong><br>\n</strong>Date: <strong></strong><strong>@{body('Convert_time_zone')}</strong><strong><br>\n<br>\n</strong>Kind regards,<strong><br>\nQC Team</strong></p>","ishtml":true,"cc":"@triggerBody()?['Foreman_x002f_Shipcoor_x002e_']?['Email']"},"path":"/v3/mail/send","authentication":"@parameters('$authentication')"}}},"runAfter":{"Create_a_group_event_(V2)":["Succeeded"]},"expression":{"not":{"equals":["@triggerBody()?['ITPType']","WS"]}},"metadata":{"operationMetadataId":"f2f88268-c371-4608-a257-bd9cf7520610"},"type":"If"}}},"connectionReferences":{"shared_office365groups":{"connectionName":"shared-office365grou-1cbce1cc-9e45-400b-a379-6356-e9b7cba9","source":"Embedded","id":"/providers/Microsoft.PowerApps/apis/shared_office365groups","tier":"NotSpecified","apiName":"office365groups"},"shared_office365_4":{"connectionName":"shared-office365-5e3e965d-b63d-43af-a90b-6f511832db07","source":"Embedded","id":"/providers/Microsoft.PowerApps/apis/shared_office365","tier":"NotSpecified","apiName":"office365"},"shared_office365":{"connectionName":"shared-office365-5e3e965d-b63d-43af-a90b-6f511832db07","source":"Embedded","id":"/providers/Microsoft.PowerApps/apis/shared_office365","tier":"NotSpecified","apiName":"office365"},"shared_office365_1":{"connectionName":"shared-office365-5e3e965d-b63d-43af-a90b-6f511832db07","source":"Embedded","id":"/providers/Microsoft.PowerApps/apis/shared_office365","tier":"NotSpecified","apiName":"office365"},"shared_office365_2":{"connectionName":"shared-office365-5e3e965d-b63d-43af-a90b-6f511832db07","source":"Embedded","id":"/providers/Microsoft.PowerApps/apis/shared_office365","tier":"NotSpecified","apiName":"office365"},"shared_office365_7":{"connectionName":"shared-office365-5e3e965d-b63d-43af-a90b-6f511832db07","source":"Embedded","id":"/providers/Microsoft.PowerApps/apis/shared_office365","tier":"NotSpecified","apiName":"office365"},"shared_office365_6":{"connectionName":"shared-office365-5e3e965d-b63d-43af-a90b-6f511832db07","source":"Embedded","id":"/providers/Microsoft.PowerApps/apis/shared_office365","tier":"NotSpecified","apiName":"office365"},"shared_office365_3":{"connectionName":"shared-office365-5e3e965d-b63d-43af-a90b-6f511832db07","source":"Embedded","id":"/providers/Microsoft.PowerApps/apis/shared_office365","tier":"NotSpecified","apiName":"office365"},"shared_office365_5":{"connectionName":"shared-office365-5e3e965d-b63d-43af-a90b-6f511832db07","source":"Embedded","id":"/providers/Microsoft.PowerApps/apis/shared_office365","tier":"NotSpecified","apiName":"office365"},"shared_sendmail":{"connectionName":"shared-sendmail-3a5b58e1-f553-4b10-aacc-9ba4-7f6d070b","source":"Embedded","id":"/providers/Microsoft.PowerApps/apis/shared_sendmail","tier":"NotSpecified","apiName":"sendmail"},"shared_sharepointonline":{"connectionName":"e0e4c61fd275498e926a8298c137ccf7","source":"Embedded","id":"/providers/Microsoft.PowerApps/apis/shared_sharepointonline","tier":"NotSpecified","apiName":"sharepointonline"}},"flowFailureAlertSubscribed":false,"isManaged":false}}