{"name":"965691ad-724a-48d4-b039-6543b8c9e77d","id":"/providers/Microsoft.Flow/flows/965691ad-724a-48d4-b039-6543b8c9e77d","type":"Microsoft.Flow/flows","properties":{"apiId":"/providers/Microsoft.PowerApps/apis/shared_logicflows","displayName":"5164 - DSCS email foward automation","definition":{"metadata":{"workflowEntityId":null,"processAdvisorMetadata":null,"flowChargedByPaygo":null,"flowclientsuspensionreason":"None","flowclientsuspensiontime":null,"flowclientsuspensionreasondetails":"","creator":{"id":"e06ac34d-f29e-4ef1-b306-956bf893a7b7","type":"User","tenantId":"ddc22e8a-9100-4f41-8be4-472d728426c5"},"provisioningMethod":"FromDefinition","failureAlertSubscription":true,"clientLastModifiedTime":"2025-04-15T08:04:35.3102373Z","connectionKeySavedTimeKey":"2025-03-07T09:58:31.8686859Z","creationSource":null,"modifiedSources":"Portal"},"$schema":"https://schema.management.azure.com/providers/Microsoft.Logic/schemas/2016-06-01/workflowdefinition.json#","contentVersion":"1.0.0.0","parameters":{"$connections":{"defaultValue":{},"type":"Object"},"$authentication":{"defaultValue":{},"type":"SecureObject"}},"triggers":{"When_a_new_email_arrives_(V3)":{"splitOn":"@triggerOutputs()?['body/value']","metadata":{"operationMetadataId":"b0dc1d64-7eca-4bf9-8051-d7a2d7a6f00a"},"type":"OpenApiConnectionNotification","inputs":{"host":{"apiId":"/providers/Microsoft.PowerApps/apis/shared_office365","connectionName":"shared_office365_1","operationId":"OnNewEmailV3"},"parameters":{"folderPath":"Inbox","from":"DSCS.Application@damen.com","includeAttachments":false,"subjectFilter":"]- Daily Doc Handover","importance":"Any","fetchOnlyWithAttachment":false},"authentication":"@parameters('$authentication')"}}},"actions":{"Extract_Number":{"runAfter":{},"metadata":{"operationMetadataId":"f1e73101-d371-4599-a2be-319d111e7be1"},"type":"Compose","inputs":"@substring(triggerOutputs()?['body/subject'],\r\n  add(indexOf(triggerOutputs()?['body/subject'], '['), 1),\r\n  sub(\r\n    indexOf(triggerOutputs()?['body/subject'], ']'),\r\n    add(indexOf(triggerOutputs()?['body/subject'], '['), 1)\r\n  ))"},"Condition":{"actions":{"Delay_2":{"runAfter":{},"metadata":{"operationMetadataId":"eda3a2d3-1ed4-4b63-b1a6-400cb4b4b483"},"type":"Wait","inputs":{"interval":{"count":5,"unit":"Minute"}}},"Switch":{"runAfter":{"Compose":["Succeeded"]},"cases":{"Case":{"case":1,"actions":{"Send_an_email_(V2)":{"runAfter":{},"metadata":{"operationMetadataId":"5722caec-dffa-4cce-aa8f-7a555f365c77"},"type":"OpenApiConnection","inputs":{"host":{"apiId":"/providers/Microsoft.PowerApps/apis/shared_office365","connectionName":"shared_office365_2","operationId":"SendEmailV2"},"parameters":{"emailMessage/To":"hien.to.thi@damen.com;thoa.cao.thi.kim@damen.com;ngan.hoang.thi@damen.com","emailMessage/Subject":"@triggerOutputs()?['body/subject']","emailMessage/Body":"<p>Dear Hiền/Thoa,<br>\nChị gửi hồ sơ thanh toán bàn giao kế toán nhé<br>\n@{triggerOutputs()?['body/body']}</p>","emailMessage/Cc":"le.nguyen.thi.hong@damen.com;DSCS.Accounting@damen.com;purchase-dscs@damen.com","emailMessage/Importance":"Normal"},"authentication":"@parameters('$authentication')"}}}},"Case_2":{"case":2,"actions":{"Send_an_email_(V2)_2":{"runAfter":{},"metadata":{"operationMetadataId":"460883bc-b845-40fc-8a7f-5b939fe0adcd"},"type":"OpenApiConnection","inputs":{"host":{"apiId":"/providers/Microsoft.PowerApps/apis/shared_office365","connectionName":"shared_office365_3","operationId":"SendEmailV2"},"parameters":{"emailMessage/To":"hien.to.thi@damen.com;thoa.cao.thi.kim@damen.com;my.tran.thi.huong@damen.com","emailMessage/Subject":"@triggerOutputs()?['body/subject']","emailMessage/Body":"<p>Dear Hiền/Thoa,<br>\nChị gửi hồ sơ thanh toán bàn giao kế toán nhé<br>\n@{triggerOutputs()?['body/body']}</p>","emailMessage/Cc":"le.nguyen.thi.hong@damen.com;DSCS.Accounting@damen.com;purchase-dscs@damen.com","emailMessage/Importance":"Normal"},"authentication":"@parameters('$authentication')"}}}},"Case_3":{"case":3,"actions":{"Send_an_email_(V2)_3":{"runAfter":{},"metadata":{"operationMetadataId":"0d71c0bc-186f-48a4-8ed1-fdd4ca116a49"},"type":"OpenApiConnection","inputs":{"host":{"apiId":"/providers/Microsoft.PowerApps/apis/shared_office365","connectionName":"shared_office365_3","operationId":"SendEmailV2"},"parameters":{"emailMessage/To":"hien.to.thi@damen.com;thoa.cao.thi.kim@damen.com;nhan.nguyen.thi02@damen.com","emailMessage/Subject":"@triggerOutputs()?['body/subject']","emailMessage/Body":"<p>Dear Hiền/Thoa,<br>\nChị gửi hồ sơ thanh toán bàn giao kế toán nhé<br>\n@{triggerOutputs()?['body/body']}</p>","emailMessage/Cc":"le.nguyen.thi.hong@damen.com;DSCS.Accounting@damen.com;purchase-dscs@damen.com","emailMessage/Importance":"Normal"},"authentication":"@parameters('$authentication')"}}}},"Case_4":{"case":4,"actions":{"Send_an_email_(V2)_4":{"runAfter":{},"metadata":{"operationMetadataId":"5d2077e9-b7b5-4ecb-9450-0b9e02d140a0"},"type":"OpenApiConnection","inputs":{"host":{"apiId":"/providers/Microsoft.PowerApps/apis/shared_office365","connectionName":"shared_office365_3","operationId":"SendEmailV2"},"parameters":{"emailMessage/To":"hien.to.thi@damen.com;thoa.cao.thi.kim@damen.com;trang.bui.thi.my@damen.com","emailMessage/Subject":"@triggerOutputs()?['body/subject']","emailMessage/Body":"<p>Dear Hiền/Thoa,<br>\nChị gửi hồ sơ thanh toán bàn giao kế toán nhé<br>\n@{triggerOutputs()?['body/body']}</p>","emailMessage/Cc":"le.nguyen.thi.hong@damen.com;DSCS.Accounting@damen.com;purchase-dscs@damen.com","emailMessage/Importance":"Normal"},"authentication":"@parameters('$authentication')"}}}},"Case_5":{"case":5,"actions":{"Send_an_email_(V2)_5":{"runAfter":{},"metadata":{"operationMetadataId":"fded952c-fc07-44c7-b20a-370c9668226e"},"type":"OpenApiConnection","inputs":{"host":{"apiId":"/providers/Microsoft.PowerApps/apis/shared_office365","connectionName":"shared_office365_3","operationId":"SendEmailV2"},"parameters":{"emailMessage/To":"hien.to.thi@damen.com;thoa.cao.thi.kim@damen.com;trang.do.thi.thuy@damen.com","emailMessage/Subject":"@triggerOutputs()?['body/subject']","emailMessage/Body":"<p>Dear Hiền/Thoa,<br>\nChị gửi hồ sơ thanh toán bàn giao kế toán nhé<br>\n@{triggerOutputs()?['body/body']}</p>","emailMessage/Cc":"le.nguyen.thi.hong@damen.com;DSCS.Accounting@damen.com;purchase-dscs@damen.com","emailMessage/Importance":"Normal"},"authentication":"@parameters('$authentication')"}}}}},"default":{"actions":{}},"expression":"@int(outputs('Extract_Number'))","metadata":{"operationMetadataId":"ce434bf5-8217-4479-8311-22c6946bf3be"},"type":"Switch"},"Compose":{"runAfter":{"Delay_2":["Succeeded"]},"metadata":{"operationMetadataId":"c7504407-6a67-4960-b34b-e4e07d194c84"},"type":"Compose","inputs":"@outputs('Extract_Number')"}},"runAfter":{"Extract_Number":["Succeeded"]},"expression":{"and":[{"greaterOrEquals":["@int(outputs('Extract_Number'))",1]},{"lessOrEquals":["@int(outputs('Extract_Number'))",5]}]},"metadata":{"operationMetadataId":"691691b0-0688-4acb-a466-ff49c443280a"},"type":"If"}},"outputs":{}},"connectionReferences":{"shared_office365_2":{"connectionName":"shared-office365-f01f9053-37eb-4a23-b5ab-e900d3920497","source":"Embedded","id":"/providers/Microsoft.PowerApps/apis/shared_office365","tier":"NotSpecified","apiName":"office365"},"shared_office365_3":{"connectionName":"42c4d3b9eb324ccc809b243c41cdf5f9","source":"Embedded","id":"/providers/Microsoft.PowerApps/apis/shared_office365","tier":"NotSpecified","apiName":"office365"},"shared_office365_1":{"connectionName":"shared-office365-c02126f6-b216-4b46-91ad-d3a8e5c6e879","source":"Embedded","id":"/providers/Microsoft.PowerApps/apis/shared_office365","tier":"NotSpecified","apiName":"office365"}},"flowFailureAlertSubscribed":false,"isManaged":false}}