{"schemaVersion":"1.0","appDefinitionTemplate":{"id":"/providers/Microsoft.PowerApps/apps/","type":"Microsoft.PowerApps/apps","tags":{"primaryDeviceWidth":"390","primaryDeviceHeight":"844","supportsPortrait":"true","supportsLandscape":"true","primaryFormFactor":"Tablet","showStatusBar":"false","publisherVersion":"3.25051.13","minimumRequiredApiVersion":"2.2.0","hasComponent":"true","hasUnlockedComponent":"true","isUnifiedRootApp":"false","sienaVersion":"20250515T072730Z-3.25051.13.0"},"properties":{"appVersion":"2025-05-15T07:27:30Z","lifeCycleId":"Published","createdByClientVersion":{"major":3,"minor":25051,"build":13,"revision":0,"majorRevision":0,"minorRevision":0},"minClientVersion":{"major":3,"minor":25051,"build":13,"revision":0,"majorRevision":0,"minorRevision":0},"backgroundColor":"RGBA(0,176,240,1)","backgroundImageUri":"/5203206439874303067/Ne66116b4-34df-4e78-9212-a1bbddb400f1-logoSmallFile","displayName":"App-Visitor-management","description":"","commitMessage":"","appUris":{"documentUri":{"value":"/5203206439874303067/N50f0036a-5dc5-4127-aef7-1fa30b7e2888-document.msapp"},"imageUris":[],"additionalUris":[{"isSolutionAware":false,"value":"/5203206439874303067/Nffe54411-f9e3-4af2-9925-d0214987e2da-identity.json"}]},"createdTime":"0001-01-01T00:00:00Z","lastModifiedTime":"0001-01-01T00:00:00Z","sharedGroupsCount":0,"sharedUsersCount":0,"connectionReferences":{"f07b439a-47eb-487a-b8df-d2f8c18ee596":{"id":"e1d2f5df-307c-4c5e-b8c5-f950de42dfd2","displayName":"SharePoint","iconUri":"https://conn-afd-prod-endpoint-bmc9bqahasf3grgk.b01.azurefd.net/releases/v1.0.1746/1.0.1746.4174/sharepointonline/icon.png","dataSources":["Visitor tracking"],"dependencies":[],"dependents":[],"parameterHints":{},"parameterHintsV2":{},"isOnPremiseConnection":false,"bypassConsent":false,"dataSets":{"https://damen.sharepoint.com/sites/coll_ClassicDSCSAPPS":{"dataSources":{"Visitor tracking":{"tableName":"d7edc7cc-e3b9-423a-b098-0b307401f10a"}}}},"apiTier":"Standard","isCustomApiConnection":false,"actions":["providers/PowerPlatform.Governance/Operations/Read","providers/PowerPlatform.Governance/Operations/Write","providers/PowerPlatform.Governance/Operations/Delete"]},"69aacc97-08ff-458c-bc1d-16357983715e":{"id":"bc729afc-64ae-4fd0-aa31-2bf2d576dcad","displayName":"Office 365 Outlook","iconUri":"https://conn-afd-prod-endpoint-bmc9bqahasf3grgk.b01.azurefd.net/v1.0.1751/1.0.1751.4213/office365/icon.png","dataSources":["Office365Outlook"],"dependencies":[],"dependents":[],"parameterHints":{},"parameterHintsV2":{},"isOnPremiseConnection":false,"bypassConsent":false,"dataSets":{},"apiTier":"Standard","isCustomApiConnection":false}},"databaseReferences":{"default.cds":{"databaseDetails":{"referenceType":"Environmental","environmentName":"default.cds","overrideValues":{"status":"NotSpecified","environmentVariableName":""}},"dataSources":{"43b0dc67-68af-47ae-9a9c-9e69d396ba3e":{"entitySetName":"msdyn_aimodels","logicalName":"msdyn_aimodel","isHidden":false}},"components":[{"componentName":"msdyn_AIModel","identifier":"8c281981-c5d6-484f-bac7-4924ddd0b8ae","identifierType":"UniqueId"}]}},"almMode":"Environment","performanceOptimizationEnabled":true,"canConsumeAppPass":false,"enableModernRuntimeMode":false,"executionRestrictions":{"isTeamsOnly":false,"dataLossPreventionEvaluationResult":{"status":"Compliant","lastEvaluationDate":"2025-04-02T09:44:16.9479308Z","violations":[],"violationsByPolicy":[],"violationErrorMessage":"The app uses the following connectors: shared_sharepointonline."}}},"isAppComponentLibrary":false,"appType":"ClassicCanvasApp","appComponents":[]}}